{"cameraMode":{"drawMode":0,"name":"Shaded","section":"Shading Mode"},"sceneLighting":true,"audioPlay":false,"sceneViewState":{"showFog":true,"showMaterialUpdate":false,"showSkybox":true,"showFlares":true,"showImageEffects":true,"showParticleSystems":true},"in2DMode":false,"pivot":{"x":-2.793212890625,"y":-0.7669129371643066,"z":7.169229507446289},"rotation":{"x":-0.13020466268062592,"y":0.14490649104118348,"z":-0.019239697605371476,"w":-0.9806522130966187},"size":20.451332092285158,"orthographic":false}